<?xml version='1.0' encoding='UTF-8' ?>
<timeLogEntries>
  <time id="1" start="@1537932714000" flag="M" />
  <time id="3" path="/Lab3/PSP0/Planning" start="@1538410479000" delta="420" flag="A" />
  <time id="2" start="@1538266544000" delta="120" flag="M" />
  <time id="4" path="/Lab3/PSP0/Design" start="@1538730684000" delta="83" flag="A" />
  <time id="5" path="/Lab3/PSP0/Design" start="@1538773541000" delta="204" flag="A" />
  <time id="6" path="/Lab3/PSP0/Code" start="@1539360670000" delta="103" flag="A" />
  <time id="7" path="/Lab3/PSP0/Code" start="@1539630090000" delta="160" flag="A" />
  <time id="8" path="/Lab3/PSP0/Code" start="@1539706712000" delta="61" flag="A" />
  <time id="9" path="/Lab3/PSP0/Code" start="@1539913113000" delta="130" flag="A" />
  <time id="10" path="/Lab3/PSP0/Design" start="@1539020439000" delta="30" flag="A" />
  <time id="11" path="/Lab3/PSP0/Code" start="@1540237969000" delta="63" flag="A" />
  <time id="12" path="/Lab3/PSP0/Design" start="@1540414409000" delta="160" comment="Se realizo un cambio en el diseño de pruebas" flag="A" />
  <time id="13" path="/Lab3/PSP0/Code" start="@1540502672981" delta="263" flag="A" />
</timeLogEntries>
